{"a2asb20_size":4787.48,"dsb20_size":4787.48,"_step":0,"gfb20_size":5122.69,"_runtime":0,"a2asb50_size":11968.7,"gfb50_size":13211.16,"sgmse30_size":40001.399999999994,"sgmse40_size":53335.2,"a2asb40_size":9574.96,"buddy75_size":144095.475,"_timestamp":1.7781469140617826e+09,"buddy50_size":96063.65,"dsb30_size":7181.219999999999,"dsb40_size":9574.96,"dsb50_size":11968.7,"a2asb10_size":2393.74,"a2asb30_size":7181.219999999999,"buddy100_size":192127.31,"sgmse20_size":26667.6,"sgmse50_size":66669.01,"buddy10_size":19212.73,"gfb10_size":2426.54,"sgmse10_size":13333.8,"gfb40_size":10515,"dsb10_size":2393.74,"_wandb":{"runtime":0},"wpe_size":1.2,"gfb30_size":7818.85}